Dataset,LLM Cluster,Model,Mean_AUC,AUC_StdDev
data_79_quadratic,Unassisted,LogisticReg,0.9241477581660701,0.014659716879535566
data_79_quadratic,Unassisted,RandomForest,0.9687515322418472,0.008244651022991689
data_79_quadratic,Unassisted,GradientBoost,0.9550388587217512,0.011968159475735044
data_79_quadratic,cluster_llama,LogisticReg,0.9236032232914174,0.014819877697956736
data_79_quadratic,cluster_llama,RandomForest,0.9684833219661337,0.00800848812382988
data_79_quadratic,cluster_llama,GradientBoost,0.95555934462041,0.012344601617374353
data_91_linear,Unassisted,LogisticReg,0.9263938181698493,0.014331909989929986
data_91_linear,Unassisted,RandomForest,0.9659209585342456,0.009750511732071436
data_91_linear,Unassisted,GradientBoost,0.9564325655061146,0.013818269035724508
data_91_linear,cluster_llama,LogisticReg,0.9253483841940904,0.014760141615332473
data_91_linear,cluster_llama,RandomForest,0.9654578396725264,0.009470058547216862
data_91_linear,cluster_llama,GradientBoost,0.9567169302117781,0.012787431903369194
data_44_exponential,Unassisted,LogisticReg,0.7652339947542397,0.03351888640780246
data_44_exponential,Unassisted,RandomForest,0.9230647642540584,0.023136305633040803
data_44_exponential,Unassisted,GradientBoost,0.8799603634418651,0.03264592571955484
data_44_exponential,cluster_llama,LogisticReg,0.7643257719035568,0.03433405148041602
data_44_exponential,cluster_llama,RandomForest,0.9231405560654694,0.024631174083525713
data_44_exponential,cluster_llama,GradientBoost,0.8844493616558594,0.03223350571494095
data_42_linear,Unassisted,LogisticReg,0.7646027556189512,0.02953847662616764
data_42_linear,Unassisted,RandomForest,0.9206114229425202,0.020810955145509135
data_42_linear,Unassisted,GradientBoost,0.8867671629773128,0.028090343330900047
data_42_linear,cluster_llama,LogisticReg,0.7614584997402369,0.029804315065897483
data_42_linear,cluster_llama,RandomForest,0.9194268930054768,0.02205222120561507
data_42_linear,cluster_llama,GradientBoost,0.886466419975011,0.02794033928687672
data_88_exponential,Unassisted,LogisticReg,0.9305977055888053,0.014677090645449073
data_88_exponential,Unassisted,RandomForest,0.9690901334593359,0.00800507052733038
data_88_exponential,Unassisted,GradientBoost,0.9569627047045307,0.012035717861451202
data_88_exponential,cluster_llama,LogisticReg,0.9298922447945753,0.015123566945972305
data_88_exponential,cluster_llama,RandomForest,0.9695255577552507,0.007765420593945673
data_88_exponential,cluster_llama,GradientBoost,0.9557813609784938,0.011943793502706142
data_43_linear,Unassisted,LogisticReg,0.7369961215580738,0.033283158110674504
data_43_linear,Unassisted,RandomForest,0.9131686688857208,0.021257977079600976
data_43_linear,Unassisted,GradientBoost,0.8750328353637709,0.029010245762371475
data_43_linear,cluster_llama,LogisticReg,0.737335055227129,0.0325440728726192
data_43_linear,cluster_llama,RandomForest,0.9149946410108474,0.02121728157704916
data_43_linear,cluster_llama,GradientBoost,0.8750150307292124,0.030109915072255133
data_48_cubic,Unassisted,LogisticReg,0.7543931672877473,0.028515687796319994
data_48_cubic,Unassisted,RandomForest,0.9167666891784818,0.017222929915073616
data_48_cubic,Unassisted,GradientBoost,0.8807898068789562,0.021923728557963734
data_48_cubic,cluster_llama,LogisticReg,0.751838141445934,0.028597855447338113
data_48_cubic,cluster_llama,RandomForest,0.9184830668988405,0.016503576699319077
data_48_cubic,cluster_llama,GradientBoost,0.8875311739951107,0.021389228133019484
data_13_cubic,Unassisted,LogisticReg,0.6393314172917985,0.03339514893602609
data_13_cubic,Unassisted,RandomForest,0.8456182328119967,0.03179294103661785
data_13_cubic,Unassisted,GradientBoost,0.8319785792959989,0.033864609819644634
data_13_cubic,cluster_llama,LogisticReg,0.6375053664889136,0.03448203759318483
data_13_cubic,cluster_llama,RandomForest,0.8594121087115313,0.028920953192404918
data_13_cubic,cluster_llama,GradientBoost,0.8315223947349284,0.0384636163538163
data_33_quadratic,Unassisted,LogisticReg,0.734818374941542,0.024097064453920805
data_33_quadratic,Unassisted,RandomForest,0.9107535424453342,0.016690262142236827
data_33_quadratic,Unassisted,GradientBoost,0.8698433628449493,0.02378887519017143
data_33_quadratic,cluster_llama,LogisticReg,0.735760367506691,0.02401785131682568
data_33_quadratic,cluster_llama,RandomForest,0.9148363542075741,0.017054126093852855
data_33_quadratic,cluster_llama,GradientBoost,0.8767608093510791,0.023622193658647542
data_84_cubic,Unassisted,LogisticReg,0.9362341865164917,0.012963138686490067
data_84_cubic,Unassisted,RandomForest,0.9701769927654186,0.008159944712220295
data_84_cubic,Unassisted,GradientBoost,0.961115615190992,0.01241478869260558
data_84_cubic,cluster_llama,LogisticReg,0.9303185089494965,0.013803691466827559
data_84_cubic,cluster_llama,RandomForest,0.9686433954930525,0.007948685133941957
data_84_cubic,cluster_llama,GradientBoost,0.9596718450416691,0.01224139816538743
data_74_linear,Unassisted,LogisticReg,0.9286203463151425,0.013316825555435249
data_74_linear,Unassisted,RandomForest,0.9692947315425472,0.007707253936730236
data_74_linear,Unassisted,GradientBoost,0.9565322870027364,0.011597099640539984
data_74_linear,cluster_llama,LogisticReg,0.9279371497735682,0.01274079176110064
data_74_linear,cluster_llama,RandomForest,0.9691696610919758,0.007435280752037558
data_74_linear,cluster_llama,GradientBoost,0.9578081458749098,0.01130622782657289
data_21_quadratic,Unassisted,LogisticReg,0.7231518704072036,0.025415711459921785
data_21_quadratic,Unassisted,RandomForest,0.8924633747151738,0.020626492809683723
data_21_quadratic,Unassisted,GradientBoost,0.8574862552119887,0.026532360483954336
data_21_quadratic,cluster_llama,LogisticReg,0.7226273731866913,0.02558328672730232
data_21_quadratic,cluster_llama,RandomForest,0.9014959213065677,0.01961445891459546
data_21_quadratic,cluster_llama,GradientBoost,0.8678392680066074,0.024831514822778195
data_40_exponential,Unassisted,LogisticReg,0.7876012706540215,0.03408179129374235
data_40_exponential,Unassisted,RandomForest,0.9300056264311186,0.0201428437756142
data_40_exponential,Unassisted,GradientBoost,0.8923954341058639,0.025609019433755542
data_40_exponential,cluster_llama,LogisticReg,0.7887639853693268,0.03481487511919028
data_40_exponential,cluster_llama,RandomForest,0.9302118389166044,0.018733169631538073
data_40_exponential,cluster_llama,GradientBoost,0.8944159209282785,0.024729721283321484
data_5_cubic,Unassisted,LogisticReg,0.6672167229444025,0.031816468337314455
data_5_cubic,Unassisted,RandomForest,0.8495636421620876,0.02965264477031878
data_5_cubic,Unassisted,GradientBoost,0.8306275235001773,0.03217881121157717
data_5_cubic,cluster_llama,LogisticReg,0.6649189323290198,0.03201337156518631
data_5_cubic,cluster_llama,RandomForest,0.8567506774206107,0.028546089564252426
data_5_cubic,cluster_llama,GradientBoost,0.8416557442846841,0.03136858525257002
data_17_exponential,Unassisted,LogisticReg,0.7151288104443908,0.024561174963256858
data_17_exponential,Unassisted,RandomForest,0.8811202649616693,0.02495592003703462
data_17_exponential,Unassisted,GradientBoost,0.8592334286038961,0.029710220083414472
data_17_exponential,cluster_llama,LogisticReg,0.7136078276769682,0.025352160603476944
data_17_exponential,cluster_llama,RandomForest,0.8931393586532954,0.023454209343674023
data_17_exponential,cluster_llama,GradientBoost,0.8667827561698169,0.027749191257254398
data_0_exponential,Unassisted,LogisticReg,0.7149242467167223,0.0266478979052675
data_0_exponential,Unassisted,RandomForest,0.8832126795152996,0.02370769483836432
data_0_exponential,Unassisted,GradientBoost,0.8654405704718046,0.024402170306099702
data_0_exponential,cluster_llama,LogisticReg,0.7193449047099421,0.02855122053920168
data_0_exponential,cluster_llama,RandomForest,0.8972316800721655,0.02378619471583307
data_0_exponential,cluster_llama,GradientBoost,0.8681763521734329,0.02578443094846144
data_30_cubic,Unassisted,LogisticReg,0.7509157235062467,0.02820129790978021
data_30_cubic,Unassisted,RandomForest,0.9123914235999915,0.01706274338709839
data_30_cubic,Unassisted,GradientBoost,0.8762585896809704,0.022909094363463868
data_30_cubic,cluster_llama,LogisticReg,0.7496801884271055,0.028223180905354636
data_30_cubic,cluster_llama,RandomForest,0.9149687253276265,0.01705501744465423
data_30_cubic,cluster_llama,GradientBoost,0.8836794914832167,0.022904648376675614
data_34_cubic,Unassisted,LogisticReg,0.7547316179433637,0.024832615594202967
data_34_cubic,Unassisted,RandomForest,0.9153471862373389,0.018036403429193083
data_34_cubic,Unassisted,GradientBoost,0.880672510561396,0.022616323880286004
data_34_cubic,cluster_llama,LogisticReg,0.7521215530847417,0.024508976099738664
data_34_cubic,cluster_llama,RandomForest,0.9174116189557152,0.017665360546735964
data_34_cubic,cluster_llama,GradientBoost,0.8899258654949062,0.022512656171492465
data_52_cubic,Unassisted,LogisticReg,0.9196859443530901,0.015201288454219126
data_52_cubic,Unassisted,RandomForest,0.9624972372518305,0.00956562613111729
data_52_cubic,Unassisted,GradientBoost,0.9402626183934669,0.013995943846558353
data_52_cubic,cluster_llama,LogisticReg,0.909725066065919,0.017017891594072892
data_52_cubic,cluster_llama,RandomForest,0.9625613666410728,0.009259513304247454
data_52_cubic,cluster_llama,GradientBoost,0.9406997038190039,0.014340686813809308
data_72_linear,Unassisted,LogisticReg,0.9361369989266699,0.011146295445170071
data_72_linear,Unassisted,RandomForest,0.9726771072206796,0.008357116774902584
data_72_linear,Unassisted,GradientBoost,0.9635221543701665,0.010926501216423155
data_72_linear,cluster_llama,LogisticReg,0.9364789872356448,0.011870206399014295
data_72_linear,cluster_llama,RandomForest,0.9722404794530836,0.008895859894415995
data_72_linear,cluster_llama,GradientBoost,0.9624538589785675,0.011637776969058341
data_89_linear,Unassisted,LogisticReg,0.9289491024322707,0.012310805604513147
data_89_linear,Unassisted,RandomForest,0.9704663640190945,0.007737311844370358
data_89_linear,Unassisted,GradientBoost,0.9576903776645134,0.012631253465710994
data_89_linear,cluster_llama,LogisticReg,0.929070674113111,0.01229505124323808
data_89_linear,cluster_llama,RandomForest,0.971393587716506,0.00802268278273792
data_89_linear,cluster_llama,GradientBoost,0.957049123518412,0.0142192062552932
data_55_linear,Unassisted,LogisticReg,0.9390281162836568,0.013863023526773913
data_55_linear,Unassisted,RandomForest,0.9747756794777598,0.008441616252471107
data_55_linear,Unassisted,GradientBoost,0.9632282108932669,0.012366032563310125
data_55_linear,cluster_llama,LogisticReg,0.939043698473691,0.013891095995495737
data_55_linear,cluster_llama,RandomForest,0.9737184072705324,0.00892748771289206
data_55_linear,cluster_llama,GradientBoost,0.9623790497591904,0.011795136244339772
data_22_quadratic,Unassisted,LogisticReg,0.7269684691428963,0.042258938379689026
data_22_quadratic,Unassisted,RandomForest,0.88978255481246,0.02411297084591883
data_22_quadratic,Unassisted,GradientBoost,0.8503031989381176,0.030740893513676558
data_22_quadratic,cluster_llama,LogisticReg,0.725745426285607,0.042837884723815375
data_22_quadratic,cluster_llama,RandomForest,0.8986184677421366,0.02332716062967831
data_22_quadratic,cluster_llama,GradientBoost,0.8656147317806139,0.03052646981863366
data_65_exponential,Unassisted,LogisticReg,0.9346929917196555,0.012427893588468944
data_65_exponential,Unassisted,RandomForest,0.9732637343311992,0.00724748990638953
data_65_exponential,Unassisted,GradientBoost,0.9595438701250746,0.01209153465989411
data_65_exponential,cluster_llama,LogisticReg,0.9341444155254071,0.01242756351458713
data_65_exponential,cluster_llama,RandomForest,0.9724281841253308,0.0074273916916536165
data_65_exponential,cluster_llama,GradientBoost,0.9593390224291111,0.012039367503165631
data_14_linear,Unassisted,LogisticReg,0.6940160829161237,0.03330916978863898
data_14_linear,Unassisted,RandomForest,0.8664193437082298,0.02552183745730488
data_14_linear,Unassisted,GradientBoost,0.8549264732791457,0.028741799810923882
data_14_linear,cluster_llama,LogisticReg,0.6959120728082003,0.03261428371638435
data_14_linear,cluster_llama,RandomForest,0.8784521818102631,0.022644445054944225
data_14_linear,cluster_llama,GradientBoost,0.8602284584651144,0.0279119671553811
data_25_exponential,Unassisted,LogisticReg,0.7551604233622047,0.038588358191058124
data_25_exponential,Unassisted,RandomForest,0.9067069513128418,0.023011702729851792
data_25_exponential,Unassisted,GradientBoost,0.8747906669803206,0.030576347591812453
data_25_exponential,cluster_llama,LogisticReg,0.7549013721111029,0.038580575994864474
data_25_exponential,cluster_llama,RandomForest,0.9128585793466324,0.022032009920296507
data_25_exponential,cluster_llama,GradientBoost,0.8797444711791897,0.029157856059788878
data_94_quadratic,Unassisted,LogisticReg,0.9243096818722089,0.015410743553744357
data_94_quadratic,Unassisted,RandomForest,0.9688200399186435,0.008393774871331847
data_94_quadratic,Unassisted,GradientBoost,0.9607911401543053,0.012270721785270064
data_94_quadratic,cluster_llama,LogisticReg,0.9231803151051498,0.01553364501196863
data_94_quadratic,cluster_llama,RandomForest,0.968421311595023,0.008442617021640786
data_94_quadratic,cluster_llama,GradientBoost,0.9600777500514747,0.01206499037791964
data_96_cubic,Unassisted,LogisticReg,0.9370125555041607,0.015791071559472646
data_96_cubic,Unassisted,RandomForest,0.9709163162166017,0.007768155200287268
data_96_cubic,Unassisted,GradientBoost,0.9616403400621623,0.011151677813996555
data_96_cubic,cluster_llama,LogisticReg,0.931736404317434,0.016188734327989195
data_96_cubic,cluster_llama,RandomForest,0.9707167440946242,0.007999071399267144
data_96_cubic,cluster_llama,GradientBoost,0.961420238936163,0.011830700069794895
data_85_quadratic,Unassisted,LogisticReg,0.9379467328952387,0.01445577561066759
data_85_quadratic,Unassisted,RandomForest,0.9724287271695465,0.007767935527479057
data_85_quadratic,Unassisted,GradientBoost,0.9626953635821789,0.011977801359010165
data_85_quadratic,cluster_llama,LogisticReg,0.9364914934773837,0.014584740586384464
data_85_quadratic,cluster_llama,RandomForest,0.9721501315266425,0.008614962278492478
data_85_quadratic,cluster_llama,GradientBoost,0.9618136834038674,0.012454321399521318
data_51_quadratic,Unassisted,LogisticReg,0.9346489437643093,0.01603099893857938
data_51_quadratic,Unassisted,RandomForest,0.9778646260717685,0.008160039295985062
data_51_quadratic,Unassisted,GradientBoost,0.9642437660982853,0.013944990590078038
data_51_quadratic,cluster_llama,LogisticReg,0.9334983635081784,0.015678512541432616
data_51_quadratic,cluster_llama,RandomForest,0.9779944827350142,0.007783402458387592
data_51_quadratic,cluster_llama,GradientBoost,0.963601560404541,0.013535568337718715
data_90_quadratic,Unassisted,LogisticReg,0.9437627880000246,0.014553728435046131
data_90_quadratic,Unassisted,RandomForest,0.9718621472145347,0.010225114839678636
data_90_quadratic,Unassisted,GradientBoost,0.9643664071268992,0.014515042673701344
data_90_quadratic,cluster_llama,LogisticReg,0.9423655255280045,0.01498398678422269
data_90_quadratic,cluster_llama,RandomForest,0.972251103310303,0.008248406339020178
data_90_quadratic,cluster_llama,GradientBoost,0.9640120957577571,0.014359224632126863
data_38_exponential,Unassisted,LogisticReg,0.7731654405251877,0.02308539754055065
data_38_exponential,Unassisted,RandomForest,0.9214327576203729,0.017360185983035972
data_38_exponential,Unassisted,GradientBoost,0.886783364061883,0.023731494882850434
data_38_exponential,cluster_llama,LogisticReg,0.7725141487342277,0.02304696373121418
data_38_exponential,cluster_llama,RandomForest,0.9215100254147737,0.016770678014363608
data_38_exponential,cluster_llama,GradientBoost,0.8907274877810103,0.023033512712362224
data_81_exponential,Unassisted,LogisticReg,0.9285037976644622,0.015635458003599067
data_81_exponential,Unassisted,RandomForest,0.9693034204909239,0.00839793150341637
data_81_exponential,Unassisted,GradientBoost,0.9577572154222974,0.012356643315952714
data_81_exponential,cluster_llama,LogisticReg,0.9287854568858276,0.016052805937474768
data_81_exponential,cluster_llama,RandomForest,0.9687696219676019,0.00864905817042889
data_81_exponential,cluster_llama,GradientBoost,0.9567500850547133,0.012379222485403931
data_92_exponential,Unassisted,LogisticReg,0.9194810070248107,0.016700670648340316
data_92_exponential,Unassisted,RandomForest,0.9672977498431424,0.008813235899956083
data_92_exponential,Unassisted,GradientBoost,0.9564058509886553,0.01235985351801321
data_92_exponential,cluster_llama,LogisticReg,0.920021500779824,0.0170889090404671
data_92_exponential,cluster_llama,RandomForest,0.9673179358280888,0.00848477778383369
data_92_exponential,cluster_llama,GradientBoost,0.9560457804793893,0.011759343460609452
data_62_quadratic,Unassisted,LogisticReg,0.8984546119374746,0.01540862714315369
data_62_quadratic,Unassisted,RandomForest,0.958247963833586,0.008494053216091231
data_62_quadratic,Unassisted,GradientBoost,0.9409303215042563,0.013071696779503468
data_62_quadratic,cluster_llama,LogisticReg,0.8989390035489996,0.015386775607980787
data_62_quadratic,cluster_llama,RandomForest,0.9593935616530552,0.009026923054233617
data_62_quadratic,cluster_llama,GradientBoost,0.9386625133628894,0.013240507329980382
data_10_linear,Unassisted,LogisticReg,0.6957093209450999,0.043424358872897265
data_10_linear,Unassisted,RandomForest,0.8751417321902725,0.026655271756378215
data_10_linear,Unassisted,GradientBoost,0.8603447922220447,0.030580588261686355
data_10_linear,cluster_llama,LogisticReg,0.695211006135894,0.04312422822298227
data_10_linear,cluster_llama,RandomForest,0.8912655041149153,0.023217967243661757
data_10_linear,cluster_llama,GradientBoost,0.8691048864877003,0.028213921145345103
data_31_linear,Unassisted,LogisticReg,0.7740886890678662,0.03700604481698099
data_31_linear,Unassisted,RandomForest,0.9271841726545662,0.01717688172908368
data_31_linear,Unassisted,GradientBoost,0.8953329843453021,0.021442784135719567
data_31_linear,cluster_llama,LogisticReg,0.7729371976470485,0.03750713524890648
data_31_linear,cluster_llama,RandomForest,0.9314237619824302,0.015476581068945268
data_31_linear,cluster_llama,GradientBoost,0.8954036003084845,0.02201629518906179
data_57_linear,Unassisted,LogisticReg,0.9074948418477311,0.013726620102075237
data_57_linear,Unassisted,RandomForest,0.9657082806213662,0.009217362974807648
data_57_linear,Unassisted,GradientBoost,0.9438582602801092,0.014809278809035965
data_57_linear,cluster_llama,LogisticReg,0.908075418254404,0.0141363703179183
data_57_linear,cluster_llama,RandomForest,0.9651389957204677,0.00921700015734589
data_57_linear,cluster_llama,GradientBoost,0.9450470327397601,0.014156091408470324
data_70_linear,Unassisted,LogisticReg,0.9027471481042678,0.015586276117359299
data_70_linear,Unassisted,RandomForest,0.9622709379730536,0.010564427331131124
data_70_linear,Unassisted,GradientBoost,0.9444517965178006,0.015470757641121694
data_70_linear,cluster_llama,LogisticReg,0.9017279686117451,0.015728530005715672
data_70_linear,cluster_llama,RandomForest,0.9630835877235147,0.010578018763837755
data_70_linear,cluster_llama,GradientBoost,0.9440311880656214,0.015626832002193728
data_98_cubic,Unassisted,LogisticReg,0.9384484465550332,0.014985500715552862
data_98_cubic,Unassisted,RandomForest,0.9714493380406667,0.007473960496386206
data_98_cubic,Unassisted,GradientBoost,0.9653568900582619,0.009667952089405497
data_98_cubic,cluster_llama,LogisticReg,0.9342769919885147,0.014502445951699378
data_98_cubic,cluster_llama,RandomForest,0.9722330525509506,0.006678994285798815
data_98_cubic,cluster_llama,GradientBoost,0.9648893880300008,0.010082601564396129
data_23_cubic,Unassisted,LogisticReg,0.6707120352817355,0.08363277905811511
data_23_cubic,Unassisted,RandomForest,0.8913029847720864,0.03942088250923888
data_23_cubic,Unassisted,GradientBoost,0.8521880250859917,0.0637095191704627
data_23_cubic,cluster_llama,LogisticReg,0.7148605180489785,0.06605763916750779
data_23_cubic,cluster_llama,RandomForest,0.8959585958574136,0.03823815188741401
data_23_cubic,cluster_llama,GradientBoost,0.8547187613952999,0.060743773365603305
data_27_exponential,Unassisted,LogisticReg,0.7261878451956297,0.040206522623427415
data_27_exponential,Unassisted,RandomForest,0.9027227550125888,0.021100735340835005
data_27_exponential,Unassisted,GradientBoost,0.8751437540175249,0.024127631387199002
data_27_exponential,cluster_llama,LogisticReg,0.7268274402564382,0.040679185465697223
data_27_exponential,cluster_llama,RandomForest,0.909566637344888,0.01866887134636642
data_27_exponential,cluster_llama,GradientBoost,0.8843002951186468,0.02082466847566255
data_46_linear,Unassisted,LogisticReg,0.7772877494495785,0.025803963482984783
data_46_linear,Unassisted,RandomForest,0.9254709046613382,0.018866260219825966
data_46_linear,Unassisted,GradientBoost,0.8942082868613214,0.024376717218531043
data_46_linear,cluster_llama,LogisticReg,0.7805880020273162,0.024982092337796403
data_46_linear,cluster_llama,RandomForest,0.9261772069746697,0.018244653285719253
data_46_linear,cluster_llama,GradientBoost,0.8938307639948239,0.024898816051929118
data_53_quadratic,Unassisted,LogisticReg,0.922959285348632,0.01708217716166188
data_53_quadratic,Unassisted,RandomForest,0.9717530218370186,0.007804999795524465
data_53_quadratic,Unassisted,GradientBoost,0.9546670074420621,0.013664975563736836
data_53_quadratic,cluster_llama,LogisticReg,0.921317523110347,0.01645834880025774
data_53_quadratic,cluster_llama,RandomForest,0.9716054151532784,0.0074090776252416545
data_53_quadratic,cluster_llama,GradientBoost,0.9541391241631547,0.013760845702446156
data_37_linear,Unassisted,LogisticReg,0.7431395338544626,0.030749886824462277
data_37_linear,Unassisted,RandomForest,0.9156138725479971,0.021467465982644436
data_37_linear,Unassisted,GradientBoost,0.8759327819182251,0.027463580480353137
data_37_linear,cluster_llama,LogisticReg,0.7421607931360896,0.03198471744993797
data_37_linear,cluster_llama,RandomForest,0.9162106886203724,0.02096106539926741
data_37_linear,cluster_llama,GradientBoost,0.8800590674713541,0.025262542041908632
data_54_quadratic,Unassisted,LogisticReg,0.893343177588849,0.016241834540442535
data_54_quadratic,Unassisted,RandomForest,0.9599031718520179,0.010768983150400245
data_54_quadratic,Unassisted,GradientBoost,0.9395052775930861,0.017792061750904992
data_54_quadratic,cluster_llama,LogisticReg,0.8913975379593044,0.017099534149146944
data_54_quadratic,cluster_llama,RandomForest,0.9596807851688339,0.011094644282550387
data_54_quadratic,cluster_llama,GradientBoost,0.9381141948796033,0.018807955655504843
data_20_quadratic,Unassisted,LogisticReg,0.6830184275426833,0.05112982596431543
data_20_quadratic,Unassisted,RandomForest,0.8779471639350034,0.04457264943961285
data_20_quadratic,Unassisted,GradientBoost,0.8451276701141713,0.05731003571897636
data_20_quadratic,cluster_llama,LogisticReg,0.6916119888424708,0.055361831968431995
data_20_quadratic,cluster_llama,RandomForest,0.8814672107692105,0.047703690721686856
data_20_quadratic,cluster_llama,GradientBoost,0.8483011546678679,0.05432684267508877
data_78_quadratic,Unassisted,LogisticReg,0.9245256299100443,0.014240944771927794
data_78_quadratic,Unassisted,RandomForest,0.9668927470958247,0.007403186354020751
data_78_quadratic,Unassisted,GradientBoost,0.9541800382516367,0.0129250217243
data_78_quadratic,cluster_llama,LogisticReg,0.9244010316757725,0.014009917223801405
data_78_quadratic,cluster_llama,RandomForest,0.9670497575203149,0.008242240811553999
data_78_quadratic,cluster_llama,GradientBoost,0.9544964570954635,0.012078084510899466
data_82_quadratic,Unassisted,LogisticReg,0.9244222061461549,0.014599523434203676
data_82_quadratic,Unassisted,RandomForest,0.9707177698327301,0.0071009379379681405
data_82_quadratic,Unassisted,GradientBoost,0.96164100153072,0.010691059418806928
data_82_quadratic,cluster_llama,LogisticReg,0.9231128673565742,0.014368794954608464
data_82_quadratic,cluster_llama,RandomForest,0.9703446472470276,0.006794362759450157
data_82_quadratic,cluster_llama,GradientBoost,0.9606174052627396,0.01053619305091801
data_19_linear,Unassisted,LogisticReg,0.7302703985947707,0.038812622723907106
data_19_linear,Unassisted,RandomForest,0.8918052765032874,0.02227656409089635
data_19_linear,Unassisted,GradientBoost,0.8700256613561861,0.022036389743123903
data_19_linear,cluster_llama,LogisticReg,0.7285161518815892,0.03855774522344449
data_19_linear,cluster_llama,RandomForest,0.9036125280389542,0.02064605885699969
data_19_linear,cluster_llama,GradientBoost,0.8681120047182662,0.023659376105938015
data_4_quadratic,Unassisted,LogisticReg,0.694749753924301,0.023531707611692206
data_4_quadratic,Unassisted,RandomForest,0.8709857713679564,0.02477644952849207
data_4_quadratic,Unassisted,GradientBoost,0.85206791961007,0.025699999464852345
data_4_quadratic,cluster_llama,LogisticReg,0.6990967137922786,0.024516554701209003
data_4_quadratic,cluster_llama,RandomForest,0.8776201734780125,0.02446868001676945
data_4_quadratic,cluster_llama,GradientBoost,0.8569267313957105,0.027696685277350547
data_36_cubic,Unassisted,LogisticReg,0.7626087368825312,0.03152334351101839
data_36_cubic,Unassisted,RandomForest,0.9198614405855031,0.019706820057674802
data_36_cubic,Unassisted,GradientBoost,0.8767291258925805,0.02655937299520993
data_36_cubic,cluster_llama,LogisticReg,0.7586152380068448,0.031540732148284206
data_36_cubic,cluster_llama,RandomForest,0.9194861621007309,0.017933272648294623
data_36_cubic,cluster_llama,GradientBoost,0.8804937964167853,0.0252719497035279
data_24_exponential,Unassisted,LogisticReg,0.7489490629800263,0.03353625820203858
data_24_exponential,Unassisted,RandomForest,0.9093214041383606,0.019613823441528743
data_24_exponential,Unassisted,GradientBoost,0.8707197660911302,0.02687856278358151
data_24_exponential,cluster_llama,LogisticReg,0.7485146572470601,0.03331599973656675
data_24_exponential,cluster_llama,RandomForest,0.9151761199135261,0.02007732416013497
data_24_exponential,cluster_llama,GradientBoost,0.873846592559122,0.028113618111281765
data_39_quadratic,Unassisted,LogisticReg,0.7879168331644374,0.034089540192098845
data_39_quadratic,Unassisted,RandomForest,0.9331829575614914,0.016225809119296303
data_39_quadratic,Unassisted,GradientBoost,0.8964348726368319,0.024736913387917225
data_39_quadratic,cluster_llama,LogisticReg,0.7869477575509966,0.03380070127198879
data_39_quadratic,cluster_llama,RandomForest,0.9335134196789676,0.016244662094896375
data_39_quadratic,cluster_llama,GradientBoost,0.9033693064003383,0.026719404010770893
data_60_cubic,Unassisted,LogisticReg,0.9370539941198045,0.01200246424896875
data_60_cubic,Unassisted,RandomForest,0.970903407006341,0.008059484847696287
data_60_cubic,Unassisted,GradientBoost,0.9566839387040115,0.013301685155944754
data_60_cubic,cluster_llama,LogisticReg,0.9335045057159678,0.014101400762742435
data_60_cubic,cluster_llama,RandomForest,0.9712499374688978,0.008425862331962082
data_60_cubic,cluster_llama,GradientBoost,0.9568252989315479,0.01287027959662262
data_1_quadratic,Unassisted,LogisticReg,0.6704068044089317,0.03433286274337828
data_1_quadratic,Unassisted,RandomForest,0.8518878756662847,0.03547738471833563
data_1_quadratic,Unassisted,GradientBoost,0.8314276637293314,0.03506512384965793
data_1_quadratic,cluster_llama,LogisticReg,0.6644387786363022,0.03424960954148254
data_1_quadratic,cluster_llama,RandomForest,0.8594470539751542,0.033857134908714365
data_1_quadratic,cluster_llama,GradientBoost,0.83879233838041,0.03616176902738199
data_41_exponential,Unassisted,LogisticReg,0.7558271658266409,0.02553561547655516
data_41_exponential,Unassisted,RandomForest,0.916987513047362,0.021242252853393276
data_41_exponential,Unassisted,GradientBoost,0.8759563151868826,0.02466264318280591
data_41_exponential,cluster_llama,LogisticReg,0.755916845019115,0.02716615217095504
data_41_exponential,cluster_llama,RandomForest,0.918792816722874,0.020953861694006516
data_41_exponential,cluster_llama,GradientBoost,0.8812957224085305,0.025573559344837325
data_32_linear,Unassisted,LogisticReg,0.7341048524436283,0.0244838565581818
data_32_linear,Unassisted,RandomForest,0.9125882777587535,0.02026823064231582
data_32_linear,Unassisted,GradientBoost,0.8726961210481308,0.024812532302614633
data_32_linear,cluster_llama,LogisticReg,0.7353558314296591,0.023368022847092593
data_32_linear,cluster_llama,RandomForest,0.9135883340229453,0.020042324520822594
data_32_linear,cluster_llama,GradientBoost,0.8739281541657574,0.026508662198064564
data_66_linear,Unassisted,LogisticReg,0.9289913946791742,0.014238856950993254
data_66_linear,Unassisted,RandomForest,0.9698770804470159,0.00929077060815377
data_66_linear,Unassisted,GradientBoost,0.9550827330292754,0.013437429668178702
data_66_linear,cluster_llama,LogisticReg,0.9281692589551714,0.014238092153549783
data_66_linear,cluster_llama,RandomForest,0.9687030300708712,0.00870527004423043
data_66_linear,cluster_llama,GradientBoost,0.9541031899161712,0.014048521057104855
data_49_linear,Unassisted,LogisticReg,0.770406835864879,0.025073825318632587
data_49_linear,Unassisted,RandomForest,0.9191080440324316,0.016131579849897125
data_49_linear,Unassisted,GradientBoost,0.8814437759002814,0.02173510502126863
data_49_linear,cluster_llama,LogisticReg,0.7696275695943124,0.02505196411207145
data_49_linear,cluster_llama,RandomForest,0.9209910651579634,0.016938477347685086
data_49_linear,cluster_llama,GradientBoost,0.8873761059533934,0.021946012487215824
data_56_linear,Unassisted,LogisticReg,0.9391139758527625,0.011385190690580372
data_56_linear,Unassisted,RandomForest,0.972812186972273,0.00686907296654812
data_56_linear,Unassisted,GradientBoost,0.9619536371049621,0.01006860106601617
data_56_linear,cluster_llama,LogisticReg,0.9391136778670508,0.010791526763510811
data_56_linear,cluster_llama,RandomForest,0.9717928922083868,0.00717061677940874
data_56_linear,cluster_llama,GradientBoost,0.9615230848381178,0.010171941414864518
data_63_exponential,Unassisted,LogisticReg,0.9112439907285893,0.015160857669348568
data_63_exponential,Unassisted,RandomForest,0.9633930320300563,0.009830380410573809
data_63_exponential,Unassisted,GradientBoost,0.9475141050094164,0.014176247027155359
data_63_exponential,cluster_llama,LogisticReg,0.912937391159756,0.014443770707090835
data_63_exponential,cluster_llama,RandomForest,0.9642400497897721,0.010062940864433996
data_63_exponential,cluster_llama,GradientBoost,0.9485306894238031,0.013260841981034567
data_80_cubic,Unassisted,LogisticReg,0.9377296188048289,0.013312008495921868
data_80_cubic,Unassisted,RandomForest,0.9715616033410334,0.00804485894889216
data_80_cubic,Unassisted,GradientBoost,0.9619414000088287,0.010612866221404255
data_80_cubic,cluster_llama,LogisticReg,0.9357025025489213,0.013276464075367731
data_80_cubic,cluster_llama,RandomForest,0.971793345447074,0.00801302194420903
data_80_cubic,cluster_llama,GradientBoost,0.9620437600869575,0.011121583691924456
data_12_exponential,Unassisted,LogisticReg,0.6521598478771391,0.04739689930338435
data_12_exponential,Unassisted,RandomForest,0.8659392209125533,0.02685373241164287
data_12_exponential,Unassisted,GradientBoost,0.8506996548968407,0.026437550776863737
data_12_exponential,cluster_llama,LogisticReg,0.656785526157522,0.04806482814062383
data_12_exponential,cluster_llama,RandomForest,0.883994688899885,0.025069795517351733
data_12_exponential,cluster_llama,GradientBoost,0.8597871581597483,0.027893870237464504
data_3_quadratic,Unassisted,LogisticReg,0.7393756014779816,0.027265429752478514
data_3_quadratic,Unassisted,RandomForest,0.8951697982614989,0.0219904526118396
data_3_quadratic,Unassisted,GradientBoost,0.8753836229455981,0.02217728822823623
data_3_quadratic,cluster_llama,LogisticReg,0.7418281570633033,0.023086694037603623
data_3_quadratic,cluster_llama,RandomForest,0.900678580799454,0.024401124925567928
data_3_quadratic,cluster_llama,GradientBoost,0.8819755445179588,0.024745603527405114
data_64_exponential,Unassisted,LogisticReg,0.9455673133795741,0.013607701578603098
data_64_exponential,Unassisted,RandomForest,0.9761665703025184,0.0061281740903556875
data_64_exponential,Unassisted,GradientBoost,0.9630310236299191,0.010594697346819533
data_64_exponential,cluster_llama,LogisticReg,0.9441454673015193,0.013958961549797052
data_64_exponential,cluster_llama,RandomForest,0.9759019354923041,0.006657542715158488
data_64_exponential,cluster_llama,GradientBoost,0.9622907273882878,0.010572410260114415
data_35_cubic,Unassisted,LogisticReg,0.7825509221511912,0.02786994823172788
data_35_cubic,Unassisted,RandomForest,0.927583276707771,0.015327393600820648
data_35_cubic,Unassisted,GradientBoost,0.8938760393064135,0.02238193176383671
data_35_cubic,cluster_llama,LogisticReg,0.7851469555679773,0.027442808448703705
data_35_cubic,cluster_llama,RandomForest,0.9283480666855419,0.016189943943565797
data_35_cubic,cluster_llama,GradientBoost,0.8964260427198654,0.02336703130949955
data_6_linear,Unassisted,LogisticReg,0.6578100953935546,0.031824398707177584
data_6_linear,Unassisted,RandomForest,0.8448052837980227,0.025280405697478518
data_6_linear,Unassisted,GradientBoost,0.8308348344191058,0.026518595648794274
data_6_linear,cluster_llama,LogisticReg,0.6600135082729329,0.0332461511957965
data_6_linear,cluster_llama,RandomForest,0.8494959064885254,0.02582431004741538
data_6_linear,cluster_llama,GradientBoost,0.8393993493013165,0.02594453570750817
data_93_exponential,Unassisted,LogisticReg,0.9326508921382235,0.013886785726827439
data_93_exponential,Unassisted,RandomForest,0.9696982411788371,0.008695632968649412
data_93_exponential,Unassisted,GradientBoost,0.9598491774967727,0.012021920769220507
data_93_exponential,cluster_llama,LogisticReg,0.9314414600278166,0.014525398110313805
data_93_exponential,cluster_llama,RandomForest,0.9693474609125599,0.009308922895645846
data_93_exponential,cluster_llama,GradientBoost,0.9589946837088219,0.012260646050878786
data_29_linear,Unassisted,LogisticReg,0.7222284927095738,0.025788091858211293
data_29_linear,Unassisted,RandomForest,0.8995260028250037,0.02070539327890435
data_29_linear,Unassisted,GradientBoost,0.8601483789608286,0.02602038470413527
data_29_linear,cluster_llama,LogisticReg,0.722026448978511,0.026478211343153788
data_29_linear,cluster_llama,RandomForest,0.9042011006352679,0.01995179105882465
data_29_linear,cluster_llama,GradientBoost,0.8623245467710444,0.027444469820491292
data_76_cubic,Unassisted,LogisticReg,0.9123046426546666,0.014058739443625519
data_76_cubic,Unassisted,RandomForest,0.9621344191441682,0.009708529026115496
data_76_cubic,Unassisted,GradientBoost,0.9462080875857803,0.01345436893109437
data_76_cubic,cluster_llama,LogisticReg,0.9047926317443047,0.014046639024910157
data_76_cubic,cluster_llama,RandomForest,0.963086145184026,0.009460533537564944
data_76_cubic,cluster_llama,GradientBoost,0.9470898713512542,0.013874995095999711
data_50_exponential,Unassisted,LogisticReg,0.9406963964115131,0.012546268246254674
data_50_exponential,Unassisted,RandomForest,0.9749668854402183,0.007717207153274015
data_50_exponential,Unassisted,GradientBoost,0.9621628067306992,0.011735605156925842
data_50_exponential,cluster_llama,LogisticReg,0.9404093852659673,0.012669203877382197
data_50_exponential,cluster_llama,RandomForest,0.9751932931365833,0.007804935210173671
data_50_exponential,cluster_llama,GradientBoost,0.9604769165795622,0.012553812421139683
data_9_exponential,Unassisted,LogisticReg,0.6831424089316847,0.030451573056703728
data_9_exponential,Unassisted,RandomForest,0.857240274608229,0.02829851091670205
data_9_exponential,Unassisted,GradientBoost,0.8348783953704628,0.030299861847387786
data_9_exponential,cluster_llama,LogisticReg,0.6806551520873498,0.030157536773439002
data_9_exponential,cluster_llama,RandomForest,0.8737039690290501,0.028013617903912113
data_9_exponential,cluster_llama,GradientBoost,0.8463567047215886,0.030551834497107362
data_59_quadratic,Unassisted,LogisticReg,0.9438814103078497,0.012633188736703454
data_59_quadratic,Unassisted,RandomForest,0.9749118382557643,0.0085236746054518
data_59_quadratic,Unassisted,GradientBoost,0.9630114377309169,0.014157214919361297
data_59_quadratic,cluster_llama,LogisticReg,0.9429206734878355,0.012704232561820192
data_59_quadratic,cluster_llama,RandomForest,0.9736011385279548,0.008865075607585354
data_59_quadratic,cluster_llama,GradientBoost,0.9613128018573016,0.014054244422370955
data_97_quadratic,Unassisted,LogisticReg,0.935303143526856,0.013777010164169582
data_97_quadratic,Unassisted,RandomForest,0.9664002813152776,0.007796680623494752
data_97_quadratic,Unassisted,GradientBoost,0.9566111502132393,0.01154654705901815
data_97_quadratic,cluster_llama,LogisticReg,0.9333533144931794,0.01414668515992293
data_97_quadratic,cluster_llama,RandomForest,0.9660815694596276,0.00858456118682842
data_97_quadratic,cluster_llama,GradientBoost,0.9568395410461717,0.012023606944461088
data_45_cubic,Unassisted,LogisticReg,0.7937344847652176,0.03314528009425034
data_45_cubic,Unassisted,RandomForest,0.9263960881654766,0.017724786297144607
data_45_cubic,Unassisted,GradientBoost,0.8954504996613422,0.02540895801891503
data_45_cubic,cluster_llama,LogisticReg,0.7924508337525025,0.0318040547137314
data_45_cubic,cluster_llama,RandomForest,0.9284271992445764,0.017241833116993933
data_45_cubic,cluster_llama,GradientBoost,0.8984354359135455,0.025309371632487986
data_18_quadratic,Unassisted,LogisticReg,0.7049906384034688,0.025758428339006375
data_18_quadratic,Unassisted,RandomForest,0.8879203067973027,0.022235764776503693
data_18_quadratic,Unassisted,GradientBoost,0.8547771143392425,0.023991609081920436
data_18_quadratic,cluster_llama,LogisticReg,0.7041916728267723,0.024930813925954958
data_18_quadratic,cluster_llama,RandomForest,0.8995647013884094,0.021730915143299948
data_18_quadratic,cluster_llama,GradientBoost,0.8637986784524387,0.026644260792459174
data_69_linear,Unassisted,LogisticReg,0.9327741104806312,0.015366107966577319
data_69_linear,Unassisted,RandomForest,0.9651096242856396,0.009661152859779747
data_69_linear,Unassisted,GradientBoost,0.9531437403993637,0.013489200964362914
data_69_linear,cluster_llama,LogisticReg,0.9322013047961519,0.015534462541646884
data_69_linear,cluster_llama,RandomForest,0.96359290448847,0.010194218912873549
data_69_linear,cluster_llama,GradientBoost,0.9527332026778655,0.011986676118441252
data_67_linear,Unassisted,LogisticReg,0.9271804256211804,0.01256177326865302
data_67_linear,Unassisted,RandomForest,0.9709455982445617,0.008674712895436172
data_67_linear,Unassisted,GradientBoost,0.9552456664918176,0.012472413506194198
data_67_linear,cluster_llama,LogisticReg,0.9260734050198183,0.013139991682034446
data_67_linear,cluster_llama,RandomForest,0.9708040408902835,0.008513254141201953
data_67_linear,cluster_llama,GradientBoost,0.955150964730623,0.013045412022007393
data_58_quadratic,Unassisted,LogisticReg,0.9338699323045541,0.015317657470237367
data_58_quadratic,Unassisted,RandomForest,0.9725784016104029,0.008294240953165949
data_58_quadratic,Unassisted,GradientBoost,0.9560140377949825,0.013974993466438438
data_58_quadratic,cluster_llama,LogisticReg,0.9334224462951752,0.015761440708230733
data_58_quadratic,cluster_llama,RandomForest,0.9721753289277245,0.008626209703999084
data_58_quadratic,cluster_llama,GradientBoost,0.956354298787494,0.01349075339355953
data_95_quadratic,Unassisted,LogisticReg,0.9311013879283595,0.015160455513524998
data_95_quadratic,Unassisted,RandomForest,0.9724240848023642,0.008527485360633809
data_95_quadratic,Unassisted,GradientBoost,0.9641723792699948,0.011987316087116682
data_95_quadratic,cluster_llama,LogisticReg,0.9300069500730268,0.015272250752179634
data_95_quadratic,cluster_llama,RandomForest,0.97318235679569,0.008145538975119824
data_95_quadratic,cluster_llama,GradientBoost,0.9638332437063534,0.011762747269233322
data_11_exponential,Unassisted,LogisticReg,0.6717859939488459,0.037766408633188135
data_11_exponential,Unassisted,RandomForest,0.8666391368286734,0.02744250410919373
data_11_exponential,Unassisted,GradientBoost,0.8464873174294983,0.03161255595729442
data_11_exponential,cluster_llama,LogisticReg,0.6721447993673464,0.03582951946522052
data_11_exponential,cluster_llama,RandomForest,0.8800777493827527,0.02663487159148636
data_11_exponential,cluster_llama,GradientBoost,0.8527180211445256,0.032520758896104444
data_87_quadratic,Unassisted,LogisticReg,0.9215336093160864,0.014889756155375007
data_87_quadratic,Unassisted,RandomForest,0.9678513844709943,0.007725229749203721
data_87_quadratic,Unassisted,GradientBoost,0.9567103654227583,0.011844794340371206
data_87_quadratic,cluster_llama,LogisticReg,0.9216491007319862,0.015344685675473148
data_87_quadratic,cluster_llama,RandomForest,0.9670000951661657,0.007819953039794344
data_87_quadratic,cluster_llama,GradientBoost,0.9568570081477121,0.011022801852230564
data_2_linear,Unassisted,LogisticReg,0.755264244733246,0.02469569101016407
data_2_linear,Unassisted,RandomForest,0.8986079221937692,0.01871782181853676
data_2_linear,Unassisted,GradientBoost,0.8821707094199653,0.021785715074664834
data_2_linear,cluster_llama,LogisticReg,0.7593491331123637,0.02381845030870532
data_2_linear,cluster_llama,RandomForest,0.9026025454307502,0.019992560977521816
data_2_linear,cluster_llama,GradientBoost,0.8842420549087362,0.023234298417775454
data_47_cubic,Unassisted,LogisticReg,0.7658075378811564,0.032038910311120626
data_47_cubic,Unassisted,RandomForest,0.9120115536993754,0.02744639966576215
data_47_cubic,Unassisted,GradientBoost,0.8752226064951232,0.03265943495861203
data_47_cubic,cluster_llama,LogisticReg,0.7712651243214116,0.029778262682111548
data_47_cubic,cluster_llama,RandomForest,0.9165386187397659,0.02623604297957636
data_47_cubic,cluster_llama,GradientBoost,0.8802836468001143,0.032244331361334665
data_75_exponential,Unassisted,LogisticReg,0.9432136328348207,0.012393748578830301
data_75_exponential,Unassisted,RandomForest,0.9741652238541698,0.008327027784632315
data_75_exponential,Unassisted,GradientBoost,0.962878937775288,0.011960161828120501
data_75_exponential,cluster_llama,LogisticReg,0.9411600609203696,0.012898528414868975
data_75_exponential,cluster_llama,RandomForest,0.9735714484078603,0.00806839284347994
data_75_exponential,cluster_llama,GradientBoost,0.9618016359451228,0.012267945161842235
data_83_exponential,Unassisted,LogisticReg,0.9334193228638261,0.012725496713990087
data_83_exponential,Unassisted,RandomForest,0.9715210533459132,0.00692372004560345
data_83_exponential,Unassisted,GradientBoost,0.9602478396498048,0.011029260168593182
data_83_exponential,cluster_llama,LogisticReg,0.9316247709873094,0.012435884687942489
data_83_exponential,cluster_llama,RandomForest,0.9710914815557645,0.007067785508506313
data_83_exponential,cluster_llama,GradientBoost,0.9602165914538798,0.012038928873850434
data_99_exponential,Unassisted,LogisticReg,0.9283519816334754,0.014276015710824668
data_99_exponential,Unassisted,RandomForest,0.9683547886284888,0.008775429575702409
data_99_exponential,Unassisted,GradientBoost,0.9581159821179105,0.013467770892239677
data_99_exponential,cluster_llama,LogisticReg,0.9273218849983469,0.01469978461735023
data_99_exponential,cluster_llama,RandomForest,0.9675049584294392,0.009142350907238249
data_99_exponential,cluster_llama,GradientBoost,0.957085230443961,0.014667939189464914
data_7_cubic,Unassisted,LogisticReg,0.6326090318657165,0.0824866489174755
data_7_cubic,Unassisted,RandomForest,0.8540427853008471,0.04246580908770517
data_7_cubic,Unassisted,GradientBoost,0.8211760668755782,0.0705721550333262
data_7_cubic,cluster_llama,LogisticReg,0.6407843317004283,0.07897442300832234
data_7_cubic,cluster_llama,RandomForest,0.8631911442169903,0.04273773837062938
data_7_cubic,cluster_llama,GradientBoost,0.8293000804984654,0.07133279614753284
data_15_quadratic,Unassisted,LogisticReg,0.7094263650845926,0.030184329606502566
data_15_quadratic,Unassisted,RandomForest,0.8869146364444105,0.02847909272919448
data_15_quadratic,Unassisted,GradientBoost,0.8614106103472463,0.03497742433195124
data_15_quadratic,cluster_llama,LogisticReg,0.7070808342550973,0.030909721256378926
data_15_quadratic,cluster_llama,RandomForest,0.9036715483834767,0.024504961884762685
data_15_quadratic,cluster_llama,GradientBoost,0.8769848043924797,0.02791087853107837
data_71_cubic,Unassisted,LogisticReg,0.9000739743799632,0.017448900915369426
data_71_cubic,Unassisted,RandomForest,0.9626668798060558,0.010256751083693685
data_71_cubic,Unassisted,GradientBoost,0.9455129568786113,0.014673414866262075
data_71_cubic,cluster_llama,LogisticReg,0.88820166089894,0.018849101664342473
data_71_cubic,cluster_llama,RandomForest,0.9611033050121718,0.010812090698499583
data_71_cubic,cluster_llama,GradientBoost,0.9445926843508736,0.016074155556299947
data_77_cubic,Unassisted,LogisticReg,0.9377877650564416,0.012814511606922895
data_77_cubic,Unassisted,RandomForest,0.974634567081379,0.007779171392064645
data_77_cubic,Unassisted,GradientBoost,0.9648512684109444,0.012968258403258947
data_77_cubic,cluster_llama,LogisticReg,0.9321896666762562,0.012611268636366918
data_77_cubic,cluster_llama,RandomForest,0.9736760488150206,0.007670093535363775
data_77_cubic,cluster_llama,GradientBoost,0.9649474222872915,0.011792301127493007
data_86_linear,Unassisted,LogisticReg,0.9335534287309675,0.013072771214965834
data_86_linear,Unassisted,RandomForest,0.9717873131948288,0.008291684225787417
data_86_linear,Unassisted,GradientBoost,0.9620165165900647,0.012627688611561815
data_86_linear,cluster_llama,LogisticReg,0.9336860464722325,0.012948145175693926
data_86_linear,cluster_llama,RandomForest,0.9732008104871211,0.007682485211882389
data_86_linear,cluster_llama,GradientBoost,0.9625260484407869,0.012804079894768967
data_28_linear,Unassisted,LogisticReg,0.6730608045354453,0.03678516477707823
data_28_linear,Unassisted,RandomForest,0.8839727339429829,0.026878367723875193
data_28_linear,Unassisted,GradientBoost,0.8452740406119165,0.03142366653340815
data_28_linear,cluster_llama,LogisticReg,0.6795108412036516,0.0363227178432946
data_28_linear,cluster_llama,RandomForest,0.8885787071854451,0.026124024254342036
data_28_linear,cluster_llama,GradientBoost,0.8513918872297013,0.029466998173828918
